{
    "accuracy": 0.9471624266144814,
    "precision": 0.850828729281768,
    "recall": 0.7403846153846154,
    "auc": 0.939256168359942
}
