{
    "accuracy": 0.9173478655767484,
    "precision": 0.7559055118110236,
    "recall": 0.6153846153846154,
    "auc": 0.8629290462623797
}
