{
    "accuracy": 0.9118982742960945,
    "precision": 0.743801652892562,
    "recall": 0.5769230769230769,
    "auc": 0.8295991045991045
}
